"ta","math_grade","spanish_grade","better_at_math"
"Phoung Vu",4,3.84562358619764,TRUE
"Yunwei Liang",3.439712298003,4,FALSE
"Yubing Tian",3.84578176679793,3.98314599018761,FALSE
"Gavin Sreesangkom",3.60277311047117,3.59734099292203,TRUE
"Coco Li",3.42858259850479,3.605722522062,FALSE
"George Zhang",4,3.42326209097081,TRUE
"Saurav Sawansukha",4,3.66205972876651,TRUE
"Yuyu Madigan",3.88064927257905,4,FALSE
